timestamp,track_id,track_name,saved_bpm,guessed_bpm,delta
1780676914,0H3nwvjm8pcmhlulZ4YGFX,Mandala,143.02,173.01,29.99
1780677018,37rLocsfRSSL41RMoeqSC7,Water,140.003,158.32,18.32
1780677242,37rLocsfRSSL41RMoeqSC7,Water,140.003,150.2,10.19
1780677335,37rLocsfRSSL41RMoeqSC7,Water,140.003,162.91,22.91
1780677381,4ogViS0S5InurP1mXGa0oj,Dragonfly,143.996,164.35,20.35
1780677424,4ogViS0S5InurP1mXGa0oj,Dragonfly,143.996,139.64,-4.36
1780677448,4ogViS0S5InurP1mXGa0oj,Dragonfly,143.996,142.61,-1.39
1780677507,4ogViS0S5InurP1mXGa0oj,Dragonfly,143.996,154.47,10.47
1780677615,4ogViS0S5InurP1mXGa0oj,Dragonfly,143.996,140.09,-3.91
1780677775,64JqUL7owzsVpiw2SnkQFK,Monk,150.028,156.89,6.86
1780677821,64JqUL7owzsVpiw2SnkQFK,Monk,150.028,157.36,7.34
1780678007,48mALuU7mFsXxcSH1uwAll,FRENCH DREAM,89.497,153.3,63.8
1780678246,3nurfWBFnHDnPcOcY0PHnP,Do You Hear My Name,144.996,160.2,15.2
1780678279,3nurfWBFnHDnPcOcY0PHnP,Do You Hear My Name,144.996,166.79,21.79
1780678383,6hAHGsVecridSULTsNAphA,Pot Pipes,146.11,151.62,5.51
1780678552,1sx8JCzmnwsux91ctnxZKP,Affinity,139.976,70.64,-69.34
1780678791,67iAkCYb01aNRyQBl1NhcH,Serve It Like,123.049,172.94,49.89
1780678848,67iAkCYb01aNRyQBl1NhcH,Serve It Like,123.049,85.33,-37.72
1780678926,09FOQWbP1UpKYCXV6rxm41,EPIC,149.977,55.75,-94.22
1780679149,5qP0l4dTEz6w1WaJHoamWY,Respect The Flow,104.154,142.67,38.52
1780679252,1uCHURklcUgJhhHGZHTsqn,G Shuffle,139.988,148.01,8.02
1780679383,1uCHURklcUgJhhHGZHTsqn,G Shuffle,139.988,156.47,16.48
1780680675,6Yr2m0PF3R42LvcNMeWeUm,Beat,139.993,92.57,-47.43
1780680833,1sx8JCzmnwsux91ctnxZKP,Affinity,139.976,152.17,12.2
1780682010,67iAkCYb01aNRyQBl1NhcH,Serve It Like,123.049,120.0,-3.05
1780682166,09FOQWbP1UpKYCXV6rxm41,EPIC,149.977,120.0,-29.98
1780682391,5qP0l4dTEz6w1WaJHoamWY,Respect The Flow,104.154,150.71,46.56
1780682822,58q84Gww5zB9ifh0t7fbb6,QUEEN OF THE VILE,140.077,120.0,-20.08
1780684173,0N9pNJHVaFarSVeizaA0Il,Wook Worm,150.039,127.17,-22.87
1780685126,0GvbfAQHJYC6A6C55wGgRX,Lay It Back,115.02,120.0,4.98
1780685297,09Ojb5nEE5RZf573gEHtBw,Supersymmetry,133.978,120.0,-13.98
1780685659,72GVdRHK49beKrC1NqRCqj,Roses - Imanbek Remix,121.962,120.0,-1.96
1780685815,37awGHN1SN09hLReFRZWFO,Imaginary Friends,145.026,120.0,-25.03
1780699484,1qGgZe6hH7OOuVAqudaCPV,Shape Shift,127.02,173.58,46.56
1780699665,3fBv27rs4E78yjMrqTgwz2,Orquestra Digital,182.009,129.13,-52.88
1780700114,3ZKvKk2vjSwn4U8YBqqz3Y,Safety Island,75.057,163.61,88.55
1780700316,4VSQ7fd0Yg1g0anfO5E9t2,Stream This For Good Luck!,151.099,153.58,2.48
1780700414,1PVLvmbbo4joXIgzGFKDsp,Badman,90.012,171.42,81.41
1780700678,3mtY41G4DFXZqgSvSUAwQb,Alarm - Quarantine Edit,150.172,167.47,17.3
1780700833,5k4YwjclIAwCeUh31EB0Wq,President,149.977,169.88,19.91
1780700952,4p2pP113ofcm7hS0Uj2y4h,Fermi Paradox,130.124,130.47,0.35
1780701102,7q44qEHgMaUDnkJDDG3UtX,Jungle Palace,153.044,137.64,-15.4
1780701515,68mHAuRNqFWBKVTxF1qtth,Go and Get It,145.003,149.77,4.76
1780701737,0drmPANpFcPfkPrjNE2IU2,Woke Symphony VIP,170.052,164.38,-5.67
1780701939,4oJ5tVbObo7gY1DhhKreWb,Fake Business Meeting,145.98,174.94,28.96
1780702383,5Enc65rdL60lrGyv6G5Yb4,Get That,180.165,153.04,-27.13
1780702544,7rZdqgFP0bG4uQ3N9mZFTE,EXPECT,129.94,163.61,33.67
1780702771,0ZfPM1tQm750gUVC3NWqzl,Catching Killers,159.987,133.93,-26.06
1780703030,2WTAZY9OuMJxepyvFWUyqa,Stay - drop the Poptart Edit,128.072,163.79,35.72
1780703579,43R79v8mihqxediM8aTi0Q,Look For Me,147.022,147.0,-0.02
1780703801,1kvmzSEMa8ATk3pOSDTf6X,Reflection,145.043,147.74,2.7
1780704054,4pH28pRWdMVXO9zLflpxZy,Blade,149.978,157.8,7.82
1780704360,5qP0l4dTEz6w1WaJHoamWY,Respect The Flow,104.154,167.77,63.61
1780704515,22bTukupwvCWePqS9aGhTb,You Want This,155.948,170.3,14.35
1780704773,0MFaYEjzXYEqbDnMRJ3FE5,Levitate,127.014,163.78,36.76
1780704954,3DgYgBtFg0bDqPW95YkJlX,Debug to Desolation,116.027,132.8,16.77
1780705295,7kxjNX9vnbxkwWJaSW1pZN,Wild West Pimp Style,89.997,127.83,37.83
1780705387,7kxjNX9vnbxkwWJaSW1pZN,Wild West Pimp Style,89.997,156.57,66.57
1780705558,49o6YjBAnjwPKLcXwIH53Z,Crawl Outta Love,84.139,166.0,81.86
1780705791,1QRqI0pUKsz9zxFc7Ipy8W,Traffic - Radio Edit,137.834,143.27,5.43
1780705962,3NEntXhaMuh3xN8PXahtfm,Bloom,130.024,163.23,33.21
1780706190,4XKEVz0X1BIDhCAfb782tm,Name Of The Game,181.957,166.06,-15.9
1780706443,5HsLDjPBI8UQ8I664J3L8e,dontleaveme,104.997,153.01,48.01
1780706613,5qFL2uwfnGU8FccwLMgPNQ,Internet Friends,128.079,143.39,15.31
1780706900,7fTOmqPsWSzcTcRfdRCfNM,Tana Num 170bpm,170.033,138.91,-31.12
1780707267,6jrioTitojXGqOyidDXw6O,Level,122.991,125.87,2.88
1780707474,6euR4VW88wRwG6TTXI8YEE,Drop It Down,134.983,122.39,-12.59
1780707655,6st1CVCUWkKgonMwm20BCD,Coming Up (Like That),74.979,165.4,90.42
1780707795,0G3qLICAPyXBYXvYbpEdIj,Two Experiences,139.983,149.34,9.36
1780707946,6odkxvqvq1B3X1CAFC3mRm,Take a Ride,140.03,174.26,34.23
1780708317,1z4835vzYgbtb26uRWpGhq,TTHHEE PPAARRTTYY,119.99,144.95,24.96
1780708555,1W5bWpWXLhy7ltDwQGm69N,Like That,159.995,167.26,7.26
1780708797,62qKxBJgYJOBc8ONQbxJUO,Pelican Lake,79.985,154.07,74.08
1780709010,5jpRRggKQpIavvpWzu4BQk,Phoenix - Original Mix,170.137,149.87,-20.27
1780709160,1bVAr8MMfIX5RZ1SGPYaXu,Imaginarium,145.008,166.54,21.53
1780709599,0z8rPkXBERqKJoMfjGAGAB,Baubillious,140.03,155.08,15.05
1780709737,0CbC4eX7xDIfQeWT6HxuBO,We Live,138.032,149.45,11.41
1780709887,2Dqmjx810X1R9hQOLzpSHz,Lights Out - Kos:mo Remix,136.01,183.86,47.85
1780710217,39052vVns3KeH6EzQvswtw,whateverrr,169.987,145.56,-24.43
1780710383,5zPcu44evjYM9Y8M9lBFgg,Tractor Beam,100.011,165.88,65.87
1780710559,27bvByBibdLJWS45KDpsiM,Recloosiv,78.44,171.9,93.46
1780710719,26A3wM9ppV8ad4kftssqr3,We Are to Answer,170.045,145.54,-24.5
1780710890,2wy29RBixBECDOsXuBs7md,Free Tibet - Vini Vici Remix,103.495,131.25,27.76
1780715476,2wy29RBixBECDOsXuBs7md,Free Tibet - Vini Vici Remix,103.495,174.86,71.36
1780715512,0cD9Mw9AUC5zuP1ZVRTa8i,Moon Sigil (Smoakland Remix),174.103,176.23,2.13
1780715692,6CmRmBxBH4lqYwjJZigQZm,Psytrance For Serum Volume 1,75.075,155.5,80.43
1780721473,6Sy9BUbgFse0n0LPA5lwy5,Sandstorm,136.065,144.85,8.79
1780727213,5swDAxLZzHkxfNZIj8edcb,PHOENIX,108.031,120.0,11.97
1780727487,7hPfUeyPwZaF4g2nvNrAWW,Wildfire - Audiobass Remix,142.003,120.0,-22.0
1780727735,6cpjVWDLyoXJ21GImv7Ibb,Heavy Meta,140.09,120.0,-20.09
1780727890,3vSCC2eEszvBQReSl6aVQh,Deep Breath - Ticon remix,139.998,120.0,-20.0
1780786867,1CDpaUXu2JkZFqzdY29bEP,BASS SO HEAVY,180.343,69.36,-110.98
1780788568,6SzVi87wgpzbaJxEFgELuZ,ALL NIGHT,139.973,149.44,9.47
1780790001,4biu6phX5voAcSQQtUPI64,Gravemind,143.889,153.77,9.88
1780796970,688MRabbIVRJRtZxef04Um,The Deep,91.938,77.01,-14.93
1780797147,3g8WmeSOar7RKuQEEfNhZo,Wubcraft,150.026,155.52,5.49
1780798628,4nECx74TstNdhoE9sO0j78,Ignition,89.951,169.76,79.8
1780858725,64K56nDHCSCNoFKCf3jNyo,Facts!,139.974,134.71,-5.26
1780859037,1eBiyRdHIrtBbLPVCbz1gc,Mourning Dub,140.132,152.3,12.17
1780859291,1ggXGehTqW3Zy1r7HvcrHl,Hunky Dory,125.986,135.17,9.18
1780859884,1CDpaUXu2JkZFqzdY29bEP,BASS SO HEAVY,180.343,120.0,-60.34
1780861644,1ggXGehTqW3Zy1r7HvcrHl,Hunky Dory,125.986,120.0,-5.99
1780862461,0JErydijlFIfK1KinVjtaA,Bass Down Low,140.036,134.54,-5.49
1780862607,0jOOdc8eltPazxAVmn2WeB,Go Mode - AYCH Remix,130.033,128.66,-1.37
1780862753,4cPeIoEz3nKshMqLKgTAfw,LOUDER,144.947,135.75,-9.2
1780862956,3ywT26BnBxt1hSyXphVRu2,Tippy,120.155,155.64,35.48
1780863935,6yeAVqoLT7iyAMfhZnaMhr,Blow Ya Mind,92.009,139.69,47.68
1780864585,4iujYV1aY8bvFnynke7eN5,Wonkestra,149.984,156.72,6.73
1780864788,4zzFiS5QEovRo8PRCH16Fk,FREAK NASTY,139.699,152.71,13.01
1780865075,5BuSrZ9PCfE5nY6TRj1tpK,ALL NIGHT - VIP,87.04,142.16,55.12
1780865803,4rLRo9sQKBU4jx2XNRsMWw,SO DAMN GOOD,149.958,163.6,13.64
1780866198,0rFXKxt3D0wRH6AkBvDvVb,You Make Me Wanna,180.081,171.67,-8.41
1780867915,3r829FW85lIYFORLK3VIT6,Wormhole,169.998,120.0,-50.0
1780868086,7m3voFyQJ9lhOTAB5JIBAW,Time To Burn,142.005,120.0,-22.0
1780868464,7tskUSXG3ITwX585OzphUB,My Uzi Weighs a Ton - Original mix,140.016,120.0,-20.02
1780868879,5BuSrZ9PCfE5nY6TRj1tpK,ALL NIGHT - VIP,87.04,120.0,32.96
1780869013,6uxsx5D5jpUS800PWsH0vd,Hit That Funk,149.953,120.0,-29.95
1780869267,6KoA8JgNhf2x0tGnrjjARD,New Drug - Album Mix,140.019,120.0,-20.02
1780869619,2t9O9moURnQwaoQmY3eacy,Blow The Speakers Up,75.005,120.0,45.0
1780869738,3HD3QiXD5962IrhFhCyXnd,Sofia,142.014,120.0,-22.01
1780869919,43xQYh4DB5WtlruUfX1q3B,ELORA,144.072,120.0,-24.07
1780870178,6rhoDOa4JHwVkS3aZpbeWF,Fuck U Like,155.0,120.0,-35.0
1780870339,4QSvuuCVqoXMKkkTuCuz6H,Cowboys On Acid,154.991,120.0,-34.99
1780877635,5gACPA0iE6MniQiRjjYwPU,Acid Dropper,145.031,120.0,-25.03
1780877857,7Kw4WVktg9vCA0jCwF8GSs,Psycho Soul,149.923,120.0,-29.92
1780878075,78gdoEw0f0uIaOsS2F51lP,NIGHTHAWK,140.03,120.0,-20.03
1780878142,2zBO1gPyEGEGVpCIl1IpCH,Don´t Need No - Glitch & Repeat Remix,128.015,120.0,-8.01
1780878504,29ytM04QyJTJWVzod8J75t,Find It In Your Mind,170.015,120.0,-50.01
1780878670,2XW1q1gzhGwYuidPzj6pzp,Aint No Thang,89.993,120.0,30.01
1780878872,1l1w8qpZxmkUm4vvRaLljj,Let The Music Play - Original Extended,141.998,120.0,-22.0
1780879287,25uZKvn1VKwyh7fjK0qzJ9,Overdose,145.029,120.0,-25.03
1780879509,3wWdJGv0iqFJRQ82Uixaiu,What's a Gremlin?,139.973,120.0,-19.97
1780879633,4XXBJZ8db1Pzxwj2bi0fEl,Snickerz,79.973,120.0,40.03
1780879660,6dyfsauAoa5qN0tj9JKamE,My Gasoline,139.991,120.0,-19.99
1780879866,2FbuPBaAou9SppaEF0ujCD,A Walk In The Forest,139.977,120.0,-19.98
1780880203,1Nn7MXmBNY6YFJ4qAICaCP,Spirit World,142.057,120.0,-22.06
1780880442,2TEcEu7UNN9GfB6l3N9MUy,Get Down,144.975,120.0,-24.97
1780880931,7fTOmqPsWSzcTcRfdRCfNM,Tana Num 170bpm,170.033,145.59,-24.44
1780880998,1CDpaUXu2JkZFqzdY29bEP,BASS SO HEAVY,180.343,175.73,-4.61
